tool		Jip jip 0.1.0	Jip jip 0.1.0	Jip jip 0.1.0	Jip jip 0.1.0	Jip jip 1.0.4	Jip jip 1.0.4	Jip jip 1.0.4	Jip jip 1.0.4	Jip jip 1.0.4	Jip jip 1.0.4	Jip jip 1.0.4	Jip jip 1.0.4	Jip jip 1.0.4	Jip jip 1.0.4	Jip jip 1.0.4	Jip jip 1.0.4	Jip jip 1.0.4	Jip jip 1.0.4	Jip jip 1.0.4	Jip jip 1.0.4	Jip jip 0.1.0	Jip jip 0.1.0	Jip jip 0.1.0	Jip jip 0.1.0	Jip jip 0.1.0	Jip jip 0.1.0	Jip jip 0.1.0	Jip jip 0.1.0	Jip jip 1.0.4	Jip jip 1.0.4	Jip jip 1.0.4	Jip jip 1.0.4	Jip jip 1.0.4	Jip jip 1.0.4	Jip jip 1.0.4	Jip jip 1.0.4	Jip jip 1.0.4	Jip jip 1.0.4	Jip jip 1.0.4	Jip jip 1.0.4	Jip jip 1.0.4	Jip jip 1.0.4	Jip jip 1.0.4	Jip jip 1.0.4
run set		jip-c.SV-COMP23_assert_oox.ReachSafety-Java	jip-c.SV-COMP23_assert_oox.ReachSafety-Java	jip-c.SV-COMP23_assert_oox.ReachSafety-Java	jip-c.SV-COMP23_assert_oox.ReachSafety-Java	jip-ef.SV-COMP23_assert_oox.ReachSafety-Java	jip-ef.SV-COMP23_assert_oox.ReachSafety-Java	jip-ef.SV-COMP23_assert_oox.ReachSafety-Java	jip-ef.SV-COMP23_assert_oox.ReachSafety-Java	jip-ef-c.SV-COMP23_assert_oox.ReachSafety-Java	jip-ef-c.SV-COMP23_assert_oox.ReachSafety-Java	jip-ef-c.SV-COMP23_assert_oox.ReachSafety-Java	jip-ef-c.SV-COMP23_assert_oox.ReachSafety-Java	jip-f.SV-COMP23_assert_oox.ReachSafety-Java	jip-f.SV-COMP23_assert_oox.ReachSafety-Java	jip-f.SV-COMP23_assert_oox.ReachSafety-Java	jip-f.SV-COMP23_assert_oox.ReachSafety-Java	jip-f-c.SV-COMP23_assert_oox.ReachSafety-Java	jip-f-c.SV-COMP23_assert_oox.ReachSafety-Java	jip-f-c.SV-COMP23_assert_oox.ReachSafety-Java	jip-f-c.SV-COMP23_assert_oox.ReachSafety-Java	jip-i1.SV-COMP23_assert_oox.ReachSafety-Java	jip-i1.SV-COMP23_assert_oox.ReachSafety-Java	jip-i1.SV-COMP23_assert_oox.ReachSafety-Java	jip-i1.SV-COMP23_assert_oox.ReachSafety-Java	jip-i1-c.SV-COMP23_assert_oox.ReachSafety-Java	jip-i1-c.SV-COMP23_assert_oox.ReachSafety-Java	jip-i1-c.SV-COMP23_assert_oox.ReachSafety-Java	jip-i1-c.SV-COMP23_assert_oox.ReachSafety-Java	jip-i1-ef.SV-COMP23_assert_oox.ReachSafety-Java	jip-i1-ef.SV-COMP23_assert_oox.ReachSafety-Java	jip-i1-ef.SV-COMP23_assert_oox.ReachSafety-Java	jip-i1-ef.SV-COMP23_assert_oox.ReachSafety-Java	jip-i1-ef-c.SV-COMP23_assert_oox.ReachSafety-Java	jip-i1-ef-c.SV-COMP23_assert_oox.ReachSafety-Java	jip-i1-ef-c.SV-COMP23_assert_oox.ReachSafety-Java	jip-i1-ef-c.SV-COMP23_assert_oox.ReachSafety-Java	jip-i1-f.SV-COMP23_assert_oox.ReachSafety-Java	jip-i1-f.SV-COMP23_assert_oox.ReachSafety-Java	jip-i1-f.SV-COMP23_assert_oox.ReachSafety-Java	jip-i1-f.SV-COMP23_assert_oox.ReachSafety-Java	jip-i1-f-c.SV-COMP23_assert_oox.ReachSafety-Java	jip-i1-f-c.SV-COMP23_assert_oox.ReachSafety-Java	jip-i1-f-c.SV-COMP23_assert_oox.ReachSafety-Java	jip-i1-f-c.SV-COMP23_assert_oox.ReachSafety-Java
../sv-benchmarks/java/		status	cputime (s)	walltime (s)	memory (MB)	status	cputime (s)	walltime (s)	memory (MB)	status	cputime (s)	walltime (s)	memory (MB)	status	cputime (s)	walltime (s)	memory (MB)	status	cputime (s)	walltime (s)	memory (MB)	status	cputime (s)	walltime (s)	memory (MB)	status	cputime (s)	walltime (s)	memory (MB)	status	cputime (s)	walltime (s)	memory (MB)	status	cputime (s)	walltime (s)	memory (MB)	status	cputime (s)	walltime (s)	memory (MB)	status	cputime (s)	walltime (s)	memory (MB)
jayhorn-recursive/Addition.yml	true	TIMEOUT (true)	20.376397863	40.57226785900002	312.258560	OUT OF MEMORY (true)	14.264075776	14.266471089998959	4999.999488	TIMEOUT (true)	21.021211846	21.022847312000522	702.431232	OUT OF MEMORY (true)	13.991256459	13.993517513998086	4999.999488	TIMEOUT (true)	21.031900313	21.0346275539996	708.521984	TIMEOUT (true)	21.102812987	21.105570057996374	2653.872128	true	0.02379787	0.0328530580000006	37.138432	TIMEOUT (true)	21.096227652	21.098845224998513	2659.459072	true	0.023955366	0.03318690900050569	37.011456	TIMEOUT (true)	20.504188307	39.966387775999465	2651.086848	true	0.020803696	0.04231164600059856	37.130240
jayhorn-recursive/SatAckermann01.yml	true	TIMEOUT (true)	20.371859432	40.38078749500073	85.782528	OUT OF MEMORY (true)	15.147485639	15.149435797000478	4999.999488	TIMEOUT (true)	21.02534998	21.02643387900025	803.557376	OUT OF MEMORY (true)	15.039694374	15.041896155998984	4999.999488	TIMEOUT (true)	21.036687193	21.038889210998605	793.468928	TIMEOUT (true)	21.084050255	21.08683815800032	2077.937664	TIMEOUT (true)	20.440253028	38.775034039000275	73.121792	TIMEOUT (true)	21.077157993	21.079849048997858	2064.769024	TIMEOUT (true)	21.023710644	21.025734695998835	502.538240	TIMEOUT (true)	18.755880557	50.588315335000516	1793.052672	TIMEOUT (true)	17.03576984	50.24678545700226	409.280512
jayhorn-recursive/SatAckermann02.yml	true	TIMEOUT (true)	20.368248256	40.39624947399989	85.807104	OUT OF MEMORY (true)	15.09518148	15.097291574998962	4999.999488	TIMEOUT (true)	21.025577362	21.027557161000004	809.050112	OUT OF MEMORY (true)	15.047682315	15.065801497999928	4999.999488	TIMEOUT (true)	21.036085915	21.038586536000366	793.632768	TIMEOUT (true)	21.083514073	21.086533773006522	2077.290496	TIMEOUT (true)	20.360831236	40.58724065199931	73.146368	TIMEOUT (true)	21.077499329	21.080100425999262	2061.783040	TIMEOUT (true)	21.023532883	21.025757084997167	503.734272	TIMEOUT (true)	17.446362671	51.203017373001785	1653.301248	TIMEOUT (true)	17.442806771	51.067884176001826	402.374656
jayhorn-recursive/SatAckermann03.yml	true	TIMEOUT (true)	20.365108351	40.405680589999974	83.623936	OUT OF MEMORY (true)	15.035821078	15.097047687999293	4999.999488	TIMEOUT (true)	21.024076374	21.026454185997864	761.942016	OUT OF MEMORY (true)	15.02267621	15.121816822997062	4999.999488	TIMEOUT (true)	21.035514362	21.03774748000069	789.680128	TIMEOUT (true)	21.083675115	21.08631043400237	2071.891968	TIMEOUT (true)	20.354568674	40.548314941999706	73.109504	TIMEOUT (true)	21.076580292	21.0794506500024	2057.887744	TIMEOUT (true)	21.02339863	21.025588606000383	501.907456	TIMEOUT (true)	16.936636418	50.58696382200287	1601.511424	TIMEOUT (true)	16.937791834	50.570523974001844	397.365248
jayhorn-recursive/SatAddition01.yml	true	TIMEOUT (true)	20.377168207	40.43573217700032	372.310016	OUT OF MEMORY (true)	12.571959442	12.575646282002708	4999.999488	TIMEOUT (true)	21.023843215	21.026269535999745	754.294784	OUT OF MEMORY (true)	12.574340718	12.578561997001088	4999.999488	TIMEOUT (true)	21.034289182	21.0368595789987	757.559296	TIMEOUT (true)	21.1254251	21.128344356002344	3428.081664	true	0.020748216	0.04631393999989086	37.076992	TIMEOUT (true)	21.116781267	21.119767083000625	3396.026368	true	0.021516461	0.03084653500263812	37.105664	TIMEOUT (true)	16.983849884	50.64358609299961	2678.312960	true	0.022711297	0.06816428300226107	37.138432
jayhorn-recursive/SatFibonacci01.yml	true	TIMEOUT (true)	20.41029322	39.877626366000186	139.014144	OUT OF MEMORY (true)	13.7126737	13.714415414000541	4999.999488	TIMEOUT (true)	21.024556609	21.026934158002405	764.059648	OUT OF MEMORY (true)	13.676806258	13.678978938998625	4999.999488	TIMEOUT (true)	21.033748578	21.036282388999098	764.981248	true	0.010771904	0.021033839002484456	18.698240	true	0.021577414	0.04687954700057162	37.134336	true	0.010692657	0.020945836000464624	18.698240	true	0.021056243	0.030369520998647204	37.134336	true	0.011274871	0.04005932500149356	18.702336	true	0.021436277	0.04910842100071022	37.019648
jayhorn-recursive/SatFibonacci02.yml	true	true	0.435441779	0.8792263109999112	40.574976	OUT OF MEMORY (true)	12.099324282	12.192976923997776	4999.999488	true	7.662713616	7.663800018999609	267.390976	OUT OF MEMORY (true)	12.100783537	12.104634552000789	4999.999488	true	7.727026109	7.728288483001961	269.135872	true	0.021434737	0.031886400996882	18.681856	true	0.020683976	0.04295936000016809	18.698240	true	0.01963383	0.029911929999798303	18.698240	true	0.022556657	0.03279023000141024	18.747392	true	0.021316635	0.06925467299879529	19.206144	true	0.020573138	0.05090483000094537	18.702336
jayhorn-recursive/SatFibonacci03.yml	true	TIMEOUT (true)	20.404057743	39.96278107600028	135.995392	OUT OF MEMORY (true)	13.600237144	13.675711528998363	4999.999488	TIMEOUT (true)	21.024790732	21.027117057001306	764.334080	OUT OF MEMORY (true)	13.669594962	13.673784386999614	4999.999488	TIMEOUT (true)	21.034749228	21.03729068499888	761.384960	TIMEOUT (true)	21.107593128	21.110187397003756	2830.479360	TIMEOUT (true)	20.360389165	40.56752356400011	179.208192	TIMEOUT (true)	21.09955024	21.102192987000308	2812.416000	TIMEOUT (true)	21.021948875	21.024340602001757	473.092096	TIMEOUT (true)	16.95726841	50.694043342999066	2215.858176	TIMEOUT (true)	16.967985388	50.51032279199717	376.852480
jayhorn-recursive/SatGcd.yml	true	TIMEOUT (true)	20.489140626	39.81563277799978	1781.096448	OUT OF MEMORY (true)	19.926433354	19.930678517997876	4999.999488	TIMEOUT (true)	21.036315531	21.038535266998224	1152.290816	OUT OF MEMORY (true)	19.869187796	19.873841150998487	4999.999488	TIMEOUT (true)	21.04978719	21.052239284999814	1146.863616	TIMEOUT (true)	21.061821571	21.064622389996657	1430.933504	TIMEOUT (true)	20.451267147	40.62351388100069	771.629056	TIMEOUT (true)	21.057653211	21.060525677999976	1422.487552	TIMEOUT (true)	21.039134547	21.041532995001035	899.944448	TIMEOUT (true)	16.916837909	50.58745490400179	1123.340288	TIMEOUT (true)	16.923641847	50.60591829999976	653.488128
jayhorn-recursive/SatMccarthy91.yml	true	TIMEOUT (true)	20.388616501	40.45506221699998	708.714496	OUT OF MEMORY (true)	12.942348329	12.944136022000748	4999.999488	TIMEOUT (true)	21.043682568	21.045799904997693	1386.790912	OUT OF MEMORY (true)	12.993893356	12.995775198000047	4999.999488	TIMEOUT (true)	21.060657152	21.06292167099673	1385.418752	TIMEOUT (true)	21.129898308	21.132026997001958	3566.243840	TIMEOUT (true)	20.371481481	40.609513945999424	391.827456	TIMEOUT (true)	21.121358215	21.12413301400011	3556.720640	TIMEOUT (true)	21.037715274	21.039794722000806	866.140160	TIMEOUT (true)	17.014771745	50.627858400999685	3083.149312	TIMEOUT (true)	16.938463317	50.63026271700073	779.304960
jayhorn-recursive/SatPrimes01.yml	true	TIMEOUT (true)	20.380449051	40.41221536899957	252.424192	OUT OF MEMORY (true)	13.237289651	13.239448174001154	4999.999488	TIMEOUT (true)	21.019697196	21.022008420997736	593.059840	OUT OF MEMORY (true)	13.2229152	13.225274535998324	4999.999488	TIMEOUT (true)	21.029009824	21.03174247199786	589.021184	TIMEOUT (true)	21.104438155	21.106855019999784	2727.903232	TIMEOUT (true)	20.371305171	40.56550615099968	297.672704	TIMEOUT (true)	21.09882568	21.101546540001436	2808.930304	TIMEOUT (true)	21.018199997	21.020711773002404	375.656448	TIMEOUT (true)	17.024256712	50.39145101699978	2141.126656	TIMEOUT (true)	16.910376508	50.410066144002485	305.704960
jayhorn-recursive/UnsatFibonacci01.yml	false	false	0.363796285	0.7347720019997723	47.112192	OUT OF MEMORY (true)	13.54911953	13.551197004999267	4999.999488	false	1.55370211	1.5541596689981816	126.033920	OUT OF MEMORY (true)	13.566002888	13.568048758999794	4999.999488	false	1.546941601	1.547378157996718	125.808640	false	0.019187692	0.028441743001167197	37.007360	false	0.020072058	0.045638240000698715	37.101568	false	0.020022065	0.02930390400069882	36.962304	false	0.021375353	0.03061276999869733	37.040128	false	0.024002009	0.06510227400212898	36.962304	false	0.021480727	0.04458291400078451	37.072896
jayhorn-recursive/UnsatFibonacci02.yml	false	TIMEOUT (true)	20.39051652	40.25429582600009	282.165248	OUT OF MEMORY (true)	13.527800009	13.52985260100104	4999.999488	TIMEOUT (true)	21.027708607	21.030120971001452	795.561984	OUT OF MEMORY (true)	13.563021349	13.565000616999896	4999.999488	TIMEOUT (true)	21.036977658	21.03952428699995	767.561728	TIMEOUT (true)	21.109339859	21.111796286000754	2896.859136	TIMEOUT (true)	20.104072547	39.27955962000033	208.957440	TIMEOUT (true)	21.10123634	21.103906701002416	2874.281984	TIMEOUT (true)	21.023579929	21.02576814400163	488.222720	TIMEOUT (true)	17.627803833	51.29439614999865	2276.528128	TIMEOUT (true)	16.991365337	50.30061260500224	362.516480
MinePump/spec1-5_product1.yml	false	false	0.212524945	0.4142217990001882	39.124992	TIMEOUT (true)	21.094978818	21.097150205998332	2526.924800	false	0.253408468	0.25370540600124514	41.558016	TIMEOUT (true)	21.094189104	21.09654960700209	2527.453184	false	0.229001261	0.229341434998787	41.549824	false	0.231886962	0.23213844100246206	39.882752	false	0.178132639	0.35515511500034336	38.957056	false	0.230247819	0.23059035900223535	39.854080	false	0.15904983	0.1594241399980092	39.010304	false	0.254263513	0.659676056002354	39.849984	false	0.168241581	0.4872591690000263	39.137280
MinePump/spec1-5_product10.yml	false	false	0.217767844	0.4223397499999919	39.170048	TIMEOUT (true)	21.093380262	21.09568167800171	2479.382528	false	0.227408743	0.2278059279997251	41.586688	TIMEOUT (true)	21.092799681	21.095264083000075	2502.545408	false	0.232922161	0.23328835199936293	41.545728	false	0.239844972	0.240225271001691	39.960576	false	0.183822795	0.3546844370002873	39.014400	false	0.245189806	0.24548113700075191	39.981056	false	0.169318598	0.16965079099827562	39.112704	false	0.246842159	0.6411591359974409	39.919616	false	0.166960195	0.4846173939986329	39.202816
MinePump/spec1-5_product11.yml	false	false	1.369530219	2.731861543999912	68.947968	TIMEOUT (true)	21.093757626	21.09615590300018	2515.382272	false	2.196779318	2.197279398998944	119.119872	TIMEOUT (true)	21.094031521	21.096538386998873	2525.495296	false	2.044580903	2.045071079999616	118.824960	false	1.255746305	1.2561435210009222	101.109760	false	1.000598836	2.0043999469999108	64.667648	false	1.285496608	1.285991667999042	101.064704	false	0.970215893	0.9706670689993189	71.401472	false	1.338100475	3.9942240890013636	101.089280	false	1.041194857	3.112619456001994	71.491584
MinePump/spec1-5_product12.yml	false	false	1.231030072	2.456892827000047	62.771200	TIMEOUT (true)	21.09546255	21.098095764999016	2495.328256	false	1.813463901	1.8138922139987699	104.611840	TIMEOUT (true)	21.092885723	21.09531217500262	2493.087744	false	1.692797336	1.6933044159995916	104.620032	false	1.127967671	1.1284278730017832	87.040000	false	0.90706098	1.8051225149993115	59.523072	false	1.154583794	1.1550176570017356	87.171072	false	0.861083167	0.8614353349985322	65.482752	false	1.22999091	3.615872178997961	87.142400	false	1.044359636	3.1057493970001815	65.236992
MinePump/spec1-5_product13.yml	false	false	0.240698335	0.47714394300055574	39.223296	TIMEOUT (true)	21.09157472	21.094209899998532	2427.183104	false	0.271297905	0.27159079299963196	42.078208	TIMEOUT (true)	21.089989847	21.09259773300073	2417.377280	false	0.26387403	0.2642297189995588	42.110976	false	0.268399669	0.2687254850025056	39.989248	false	0.206906367	0.41391347399985534	39.071744	false	0.267353217	0.26771828699929756	40.022016	false	0.1847856	0.18507268800021848	39.198720	false	0.307928938	0.8308420249995834	40.022016	false	0.208646631	0.6105159059989091	39.231488
MinePump/spec1-5_product14.yml	false	false	0.241575366	0.4757828129995687	39.239680	TIMEOUT (true)	21.091575925	21.094058746999508	2417.483776	false	0.27742592	0.27777368599709007	42.209280	TIMEOUT (true)	21.090764805	21.09322663799685	2413.801472	false	0.262247588	0.26268443899971317	42.123264	false	0.270294682	0.2706250679984805	40.017920	false	0.207520058	0.4075672349999877	39.084032	false	0.271267721	0.2716153849978582	39.993344	false	0.187557354	0.18787825099934707	39.133184	false	0.293011506	0.8551518509993912	40.050688	false	0.218265037	0.6356078890021308	39.231488
MinePump/spec1-5_product15.yml	false	false	2.557854567	5.112679125999421	96.890880	TIMEOUT (true)	21.090517756	21.0929401420035	2407.784448	false	4.374825699	4.375497904999065	195.665920	TIMEOUT (true)	21.091329462	21.093739359999745	2433.503232	false	4.192877627	4.193615223000961	195.719168	false	2.688055771	2.6887173890063423	171.094016	false	1.961942893	3.910940073999882	88.846336	false	2.743272969	2.744023739000113	171.188224	false	1.907507622	1.9079438930020842	102.518784	false	2.793606988	8.348112602998299	171.126784	false	2.215073068	6.465546515999449	102.514688
MinePump/spec1-5_product16.yml	false	false	2.113452989	4.21838396000021	82.796544	TIMEOUT (true)	21.0909224	21.09372118900137	2412.425216	false	3.150229681	3.150812538999162	158.560256	TIMEOUT (true)	21.090356054	21.092869094998605	2407.129088	false	3.157693383	3.158252966000873	158.941184	false	2.190720811	2.191229887997906	131.088384	false	1.626834542	3.2530504879996442	76.984320	false	2.217876713	2.2184932290001598	131.145728	false	1.583951968	1.584437612000329	86.642688	false	2.40571068	7.020783256000868	131.129344	false	1.73330623	5.188818741000432	86.687744
MinePump/spec1-5_product2.yml	false	false	0.208435021	0.408325067000078	39.133184	TIMEOUT (true)	21.093784193	21.096251828003005	2510.807040	false	0.225696084	0.2260619709995808	41.566208	TIMEOUT (true)	21.093358733	21.095810954997432	2503.372800	false	0.224419272	0.22481063400118728	41.558016	false	0.230454691	0.2308879279953544	39.919616	false	0.179179646	0.35865557999932207	38.993920	false	0.231191058	0.23154881599839428	39.972864	false	0.161428071	0.16173009799967986	39.063552	false	0.237241064	0.6878961589973187	39.923712	false	0.166274415	0.4763846099995135	39.157760
MinePump/spec1-5_product3.yml	false	false	1.314601725	2.6238465180003914	68.308992	TIMEOUT (true)	21.094610759	21.09680875599952	2532.679680	false	2.04388866	2.0444271199994546	118.345728	TIMEOUT (true)	21.093442346	21.09586914600004	2528.501760	false	2.005536004	2.0060343670011207	118.423552	false	1.228095342	1.228601238995907	99.655680	false	0.984053696	1.9638062619997072	64.028672	false	1.251368321	1.2518090880003	99.614720	false	0.951403767	0.9519278999978269	70.725632	false	1.285998258	3.8525309479991847	99.676160	false	1.014402974	3.041258408000431	70.946816
MinePump/spec1-5_product4.yml	false	false	1.187630067	2.366428301000269	62.160896	TIMEOUT (true)	21.093610676	21.096097107998503	2499.190784	false	1.665661202	1.666045664002013	103.845888	TIMEOUT (true)	21.09361669	21.09573975100284	2492.104704	false	1.677099242	1.6776321129982534	103.968768	false	1.101452514	1.1019416369963437	86.024192	false	0.886009301	1.769127018999825	59.117568	false	1.12619601	1.1266822930010676	85.950464	false	0.851559708	0.8520333939995908	64.737280	false	1.162752198	3.4805669770030363	86.028288	false	0.898768833	2.674544697998499	64.716800
MinePump/spec1-5_product48.yml	false	false	0.247195653	0.485876680999354	39.616512	TIMEOUT (true)	21.088429275	21.09132640199823	2354.831360	false	0.271712233	0.2721323719997599	42.627072	TIMEOUT (true)	21.087939185	21.09046984499946	2354.192384	false	0.271472143	0.2718089289992349	42.606592	false	0.278524352	0.2788378620025469	40.292352	false	0.210295602	0.41287611899952026	39.231488	false	0.27548085	0.27594346899786615	40.251392	false	0.189151608	0.1896037240003352	39.297024	false	0.29918889	0.8926879270002246	40.292352	false	0.195895499	0.5644350389993633	39.399424
MinePump/spec1-5_product49.yml	false	false	0.248167374	0.48470268299934105	39.600128	TIMEOUT (true)	21.089221829	21.091736915001093	2354.434048	false	0.272117327	0.2724447950022295	42.606592	TIMEOUT (true)	21.087789065	21.090251816996897	2351.833088	false	0.268261324	0.268652294002095	42.602496	false	0.271746458	0.2721138790002442	40.284160	false	0.211553805	0.4112646980001955	39.219200	false	0.273074181	0.2734109150005679	40.243200	false	0.187698652	0.18816693500048132	39.350272	false	0.287683141	0.8524313279995113	40.316928	false	0.193158282	0.5583822820008209	39.395328
MinePump/spec1-5_product5.yml	false	false	0.233032966	0.4557405670002481	39.194624	TIMEOUT (true)	21.090746435	21.093654660002358	2442.747904	false	0.262010755	0.2623680910000985	42.065920	TIMEOUT (true)	21.090140615	21.092779063998023	2424.688640	false	0.25996099	0.26035696899998584	42.078208	false	0.261574917	0.26189684299606597	39.886848	false	0.203760684	0.398982407999938	39.026688	false	0.26655004	0.2668506849986443	39.985152	false	0.180297098	0.18067056599829812	39.198720	false	0.293440263	0.852476142001251	39.927808	false	0.185987958	0.5390461489987501	39.190528
MinePump/spec1-5_product50.yml	false	false	0.246781777	0.2976641209997979	39.493632	TIMEOUT (true)	21.087624946	21.090456981997704	2331.631616	false	0.279379321	0.2796938120009145	42.745856	TIMEOUT (true)	21.087678495	21.090175268996973	2331.586560	false	0.272422571	0.2727897330005362	42.700800	false	0.276651199	0.27694290799990995	40.280064	false	0.21378524	0.4286569129999407	39.239680	false	0.275111989	0.2754444290003448	40.378368	false	0.187909258	0.18825780200131703	39.333888	false	0.295827838	0.876523224000266	40.312832	false	0.209552705	0.6084155660028046	39.354368
MinePump/spec1-5_product51.yml	false	false	2.344020391	4.678545144999589	96.501760	TIMEOUT (true)	21.08822885	21.090493371000775	2354.331648	false	3.453950717	3.4546049059972574	181.252096	TIMEOUT (true)	21.088264605	21.090655444997537	2363.215872	false	3.479057937	3.479914527000801	181.391360	false	2.459842189	2.4603650420031045	158.425088	false	1.79065398	3.430703953000375	88.907776	false	2.470775788	2.4714178159993025	158.371840	false	1.759344984	1.7598541659972398	101.056512	false	2.609704762	7.802557688999514	158.408704	false	1.824071686	5.454120250997221	101.036032
MinePump/spec1-5_product52.yml	false	false	1.990959311	3.973893536000105	84.672512	TIMEOUT (true)	21.087928054	21.09080061900022	2337.017856	false	2.89740487	2.8979661549965385	151.142400	TIMEOUT (true)	21.088302302	21.090543962000083	2341.335040	false	2.900387912	2.9011860840000736	151.945216	false	2.074434933	2.075075574000948	126.398464	false	1.513096337	3.015629769000043	78.565376	false	2.075089891	2.075666660002753	126.406656	false	1.461478653	1.4619981499999994	87.760896	false	2.214552734	6.609248581000429	126.328832	false	1.534093985	4.557923481999751	87.810048
MinePump/spec1-5_product53.yml	false	false	0.240623951	0.4723954480004977	39.460864	TIMEOUT (true)	21.089031796	21.09153046999927	2372.116480	false	0.263761581	0.2641933410013735	42.598400	TIMEOUT (true)	21.089071262	21.09132106799734	2373.705728	false	0.268532498	0.26899341799799004	42.475520	false	0.263990288	0.26434055600111606	40.280064	false	0.209276393	0.4218544630002725	39.227392	false	0.266036006	0.2663759589995607	40.284160	false	0.187995491	0.18832892600039486	39.391232	false	0.283860821	0.8219525170025008	40.247296	false	0.205994001	0.5226758900025743	39.403520
MinePump/spec1-5_product54.yml	false	false	0.241466152	0.4745781330002501	39.469056	TIMEOUT (true)	21.088269613	21.090787668999837	2351.550464	false	0.263687449	0.2640877720004937	42.565632	TIMEOUT (true)	21.088060342	21.090723949997482	2355.638272	false	0.270243719	0.2707413880016247	42.549248	false	0.271478856	0.2718093939984101	40.284160	false	0.208379112	0.41049672099961754	39.235584	false	0.267582176	0.2679675569997926	40.263680	false	0.188563075	0.188920226002665	39.325696	false	0.281413751	0.830386974997964	40.304640	false	0.190307709	0.47739161800200236	39.411712
MinePump/spec1-5_product55.yml	false	false	2.022361808	4.04641881399948	88.027136	TIMEOUT (true)	21.087907005	21.090600312996685	2333.020160	false	3.060118844	3.060753949001082	159.784960	TIMEOUT (true)	21.088109318	21.09078071299882	2359.148544	false	3.008606645	3.0094727499999863	159.600640	false	2.049791907	2.050372616999084	148.807680	false	1.535056606	3.0657748980001998	81.993728	false	2.066889154	2.067424315999233	148.901888	false	1.492317219	1.4927429550007218	91.934720	false	2.122834704	6.192658007999853	148.922368	false	1.58615021	4.597475292001036	92.147712
MinePump/spec1-5_product56.yml	false	false	1.756377093	3.511221876999116	76.464128	TIMEOUT (true)	21.08832589	21.09089563499947	2357.452800	false	2.741125203	2.741684354001336	133.967872	TIMEOUT (true)	21.088205681	21.090501282000332	2358.501376	false	2.557832368	2.55846807999842	134.004736	false	1.744558641	1.7453592300007585	116.776960	false	1.318493788	2.6299397530001443	71.782400	false	1.751813579	1.7523590780001541	116.793344	false	1.273186317	1.2735866090006311	79.241216	false	1.821943679	5.455953273001796	116.867072	false	1.361836209	3.982725980000396	79.290368
MinePump/spec1-5_product6.yml	false	false	0.242312372	0.47660951299985754	39.190528	TIMEOUT (true)	21.09127206	21.093748163999408	2424.815616	false	0.258359806	0.25869579299978795	42.074112	TIMEOUT (true)	21.090112255	21.092344373999367	2426.785792	false	0.256291443	0.2566267059992242	42.057728	false	0.267023967	0.267619463003939	39.964672	false	0.202639413	0.4073574499998358	39.038976	false	0.263124941	0.26346790100069484	39.952384	false	0.181178096	0.18154346300070756	39.198720	false	0.273391242	0.8059921310014033	39.931904	false	0.188918568	0.5456044269994891	39.198720
MinePump/spec1-5_product7.yml	false	false	2.527459469	5.054578993000177	96.104448	TIMEOUT (true)	21.090375835	21.09294103100183	2435.039232	false	4.439153627	4.440189275999728	194.887680	TIMEOUT (true)	21.089582968	21.09233716699964	2431.537152	false	4.166725611	4.167500679999648	195.158016	false	2.622252129	2.6228669510019245	168.599552	false	1.917022638	3.830776202999914	87.859200	false	2.646141252	2.646919196999079	168.558592	false	1.877543582	1.8780607850021624	101.396480	false	2.798359234	8.04729032600153	168.677376	false	1.939061649	5.804626047000056	101.601280
MinePump/spec1-5_product8.yml	false	false	2.084797603	4.167270491998352	81.993728	TIMEOUT (true)	21.09084404	21.0935637290022	2430.775296	false	3.197800241	3.1984880689997226	157.622272	TIMEOUT (true)	21.08937343	21.091917158002616	2421.805056	false	3.122687536	3.1232947089993104	157.843456	false	2.145644692	2.1461904530005995	129.384448	false	1.608125799	3.203769480000119	76.152832	false	2.160520775	2.1611734609978157	129.417216	false	1.549282452	1.5497838400006003	85.938176	false	2.28285712	6.842463176002639	129.409024	false	1.703103387	4.993585577001795	85.917696
MinePump/spec1-5_product9.yml	false	false	0.216140689	0.4287503409996134	39.362560	TIMEOUT (true)	21.093250101	21.095744456997636	2519.838720	false	0.231926259	0.23258195300149964	41.598976	TIMEOUT (true)	21.091496299	21.09440589800215	2478.972928	false	0.230243248	0.230633488001331	41.578496	false	0.232330662	0.23263950800173916	39.944192	false	0.184342797	0.360470233000342	38.998016	false	0.243020604	0.2434056470010546	39.878656	false	0.164578221	0.16492562299754354	39.116800	false	0.243495571	0.7114539950016479	39.895040	false	0.168351933	0.4832484079997812	39.194624
algorithms/BellmanFord-FunSat01.yml	true	TIMEOUT (true)	20.364904507	40.43417064499954	149.942272	OUT OF MEMORY (true)	19.820415568	19.82294399100283	4999.999488	TIMEOUT (true)	21.025250018	21.02806944600161	771.854336	OUT OF MEMORY (true)	19.907486497	19.90993496900046	4999.999488	TIMEOUT (true)	21.03679982	21.03923197200129	756.019200	TIMEOUT (true)	21.021264814	21.024136315005308	436.281344	TIMEOUT (true)	20.354539484	40.5355088919996	80.543744	TIMEOUT (true)	21.019587239	21.02252324700021	415.690752	TIMEOUT (true)	21.004487949	21.00667404900014	87.912448	TIMEOUT (true)	16.940388164	50.491157265001675	306.675712	TIMEOUT (true)	16.89032169	50.49358050599767	80.961536
algorithms/BellmanFord-FunUnsat01.yml	false	false	0.176519031	0.35927238799922634	39.759872	OUT OF MEMORY (true)	19.916576901	20.01724445400032	4999.999488	false	0.468187905	0.4689850739996473	62.816256	OUT OF MEMORY (true)	19.881820034	19.88424892799958	4999.999488	false	0.385262443	0.38563413500014576	62.676992	false	0.040575134	0.04979301900311839	38.051840	false	0.075233385	0.15089800199984893	38.084608	false	0.046552752	0.055651222999586025	38.412288	false	0.052953594	0.053294461002224125	38.510592	false	0.0436602	0.11631974400006584	38.420480	false	0.053683396	0.1547945320016879	38.576128
algorithms/BellmanFord-MemSat01.yml	true	TIMEOUT (true)	20.252655385	40.7512321840004	143.650816	OUT OF MEMORY (true)	19.825289621	19.82952631900116	4999.999488	TIMEOUT (true)	21.02348679	21.026199907002592	716.623872	OUT OF MEMORY (true)	19.699443807	19.701847206997627	4999.999488	TIMEOUT (true)	21.03720653	21.03949169399857	771.112960	TIMEOUT (true)	21.021202491	21.02369223900314	423.268352	TIMEOUT (true)	20.35235327	40.49541751900051	80.068608	TIMEOUT (true)	21.020826618	21.023422782000125	433.598464	TIMEOUT (true)	21.004702463	21.006830048001575	87.597056	TIMEOUT (true)	16.943976534	50.491602616999444	298.934272	TIMEOUT (true)	16.898858449	50.285490666999976	80.572416
algorithms/MergeSortIterative-FunUnsat01.yml	false	false	4.154260898	8.3080849020007	86.630400	TIMEOUT (true)	21.143106729	21.145470301999012	4209.573888	false	15.796875789	15.798742267001217	881.770496	TIMEOUT (true)	21.143959479	21.146026051999797	4235.726848	false	14.960890705	14.962629382996965	879.063040	false	0.284896263	0.28526498000428546	50.675712	false	0.710877553	1.4133686280001712	50.978816	false	0.287836467	0.28815146399938385	50.876416	false	0.325310251	0.32603387699782616	51.154944	false	0.306339946	0.6008781070013356	50.839552	false	0.33971841	0.6852843509986997	51.064832
algorithms/MergeSortIterative-MemUnsat01.yml	false	false	0.092174853	0.18659083000056853	39.735296	unknown	0.022288094	0.02118616000007023	37.502976	false	0.150959981	0.15156260699950508	47.198208	unknown	0.022716958	0.02160957900196081	37.502976	false	0.148657578	0.14897647199904895	47.247360	false	0.029856537	0.03910914999869419	37.912576	false	0.029614957	0.06590841700017336	37.953536	false	0.033112096	0.04231127899765852	37.969920	false	0.029533587	0.038847241001349175	37.896192	false	0.029809425	0.05737803500232985	37.961728	false	0.030945331	0.06927106900184299	38.014976
